space,device,action,effect,precondition,reason
Corridor,Speaker,action_off,effect_noise_down,"Noise, -1","The noise level is already at the lowest level (-1) in the Corridor, so turning off the Speaker cannot result in effect_noise_down as it cannot decrease further."
Corridor,Speaker,action_off,effect_noise_down,"Noise, -1","When the environment noise is already at the lowest level (level -1), turning off the Speaker cannot result in a noise decrease effect (effect_noise_down)."
Corridor,Speaker,action_off,effect_noise_down,"Noise, -1","When the Noise level is already at the lowest level (level -1), turning off the Speaker will not result in effect_noise_down."
Corridor,Speaker,action_off,effect_noise_down,"Noise, -1","When the environment noise level is already the lowest (level -1), turning off the Speaker will not result in a noise_down effect."
Lab,Humidifier,action_on,effect_airquality_up,"Window, 1","The window being open may allow outside air to enter, counteracting the humidifier's effect on improving air quality."
Lab,Humidifier,action_on,effect_airquality_up,"AirPurifier, 0","The Air Purifier being off means there's no filtration of airborne particles, which could be necessary for a noticeable improvement in air quality."
Lab,Humidifier,action_on,effect_humidity_up,"Humidity, 1","When the environment humidity is already the highest (level 1), turning on the Humidifier will not result in a humidity_up effect."
TeaRoom,MicrowaveOven,action_on,effect_humidity_up,"Humidity, 1","When the environment humidity is already at the highest level (1), turning on the MicrowaveOven will not result in humidity_up effect."
MeetingRoomTwo,AC,action_off,effect_airquality_down,"AirQuality, 1","When the environment air quality is already the highest (level 1), turning off the AC will not result in air quality decreasing. Other devices like air purifiers should be considered for this effect."
MeetingRoomOne,AC,action_off,effect_airquality_down,"AirQuality, 1","The air quality is already at the highest (poor) level (1), and turning off the AC alone does not inherently decrease air quality without the presence of other contributing factors such as an AirPurifier or increased human activity."
MeetingRoomTwo,AC,action_off,effect_humidity_up,"Humidity, 1","When the environment humidity is already the highest (level 1), turning off the AC will not result in effect_humidity_up because the humidity cannot increase further."
Lab,AC,action_off,effect_humidity_up,"Humidity, 1","When the environment humidity is already at the highest level (level 1), turning off the AC will not result in effect_humidity_up."
MeetingRoomTwo,AC,action_off,effect_humidity_up,"Humidity, 1","When the environment humidity is already at the highest level (1), turning off the AC will not result in a humidity_up effect."
MeetingRoomTwo,AC,action_off,effect_temperature_up,"Temperature, -1","When the environment temperature is already the lowest (level -1), turning off the AC will not immediately result in a temperature_up effect."
Lab,AC,action_off,effect_temperature_up,"Temperature, -1","When the environment temperature is already the lowest (level -1), turning off the AC will not result in temperature_up effect."
MeetingRoomTwo,AC,action_on,effect_air_quality_up,"AirQuality, 1","When the environment air quality is already at the highest level (level 1), turning on the AC will not result in air quality improvement effect."
MeetingRoomTwo,AC,action_on,effect_air_quality_up,"AirQuality, 1","When the environment air quality is already at the highest level (level 1), turning on devices aimed at improving air quality will not result in air_quality_up effect."
MeetingRoomTwo,AC,action_on,effect_air_quality_up,"AirQuality, 1","When the air quality is already at the highest level (1), turning on the AC will not result in an air quality up effect."
Lab,AC,action_on,effect_airquality_up,"AirQuality, 0","The current air quality is at the lowest level (0), and the open window (Window: '1') could allow external air to enter, which may prevent air quality improvement despite the AC being on. The AC alone might not be sufficient to improve air quality if external conditions are poor."
Lab,AC,action_on,effect_airquality_up,"AirPurifier, 0","The AirPurifier is off, which is a device specifically designed to improve air quality. Without it being on, the air quality is unlikely to improve despite the AC being turned on."
Lab,AC,action_on,effect_airquality_up,"Window, 1","The window is open, which can introduce outdoor air pollutants and counteract any improvement in air quality expected from the AC."
Lab,AC,action_on,effect_airquality_up,"Window, 1","With the window open, outdoor air can enter the Lab, potentially preventing the AC from effectively improving air quality."
Lab,AC,action_on,effect_airquality_up,"HumanState, 1","Human presence detected in the Lab could have contributed to maintaining or worsening air quality, counteracting the AC's effect."
Lab,AC,action_on,effect_airquality_up,"AirPurifier, 0","The air purifier is off, which might limit the overall improvement in air quality that could have been achieved if it were on."
Lab,AC,action_on,effect_humidity_down,"Window, 1","The Lab's window is open, which can allow external humid air to enter, counteracting the AC's dehumidifying effect."
Lab,AC,action_on,effect_humidity_down,"Temperature, -1","The Lab's temperature is at the lowest level, which may cause the AC to prioritize temperature maintenance over reducing humidity."
MeetingRoomOne,AC,action_on,effect_humidity_down,"AirPurifier, 1","The AirPurifier being on might interfere slightly with humidity reduction, but typically, it does not increase humidity. Therefore, the lack of effect might not be solely due to the AirPurifier."
MeetingRoomOne,AC,action_on,effect_humidity_down,"Humidifier, 1","The Humidifier in the TeaRoom is on, which may increase the overall humidity in connected spaces, counteracting the AC's effect_humidity_down in MeetingRoomOne."
Lab,AC,action_on,effect_humidity_down,"Window, 1","The window being open (level 1) can allow external humidity to enter, which could counteract the AC's ability to reduce humidity."
Lab,AC,action_on,effect_noise_up,"Noise, 0","The environment noise is at a medium level (0), and turning on the AC should lead to an increase in noise, but the actual noise level did not change. This suggests that either the AC is not producing enough noise, or there are other factors absorbing the noise, preventing the expected increase."
Lab,AC,action_on,effect_temperature_down,"Temperature, -1","When the environment temperature is already the lowest(level -1), turning on the AC will not result in temperature_down effect."
Lab,AC,action_on,effect_temperature_down,"Temperature, -1","When the environment temperature is already the lowest level (-1), turning on the AC will not result in the temperature decreasing further."
MeetingRoomTwo,AirPurifier,action_off,effect_airquality_down,"AirQuality, 1","The AirPurifier is already off, so its action_off should not lead to a decrease in air quality, especially with the Humidifier on, which might counteract the expected effect."
MeetingRoomOne,AirPurifier,action_off,effect_airquality_down,"AirQuality, 1","The air quality in MeetingRoomOne is already at the highest level (1), and the presence of a human (HumanState: 1) contributes to air quality maintenance or worsening, preventing the immediate decrease in air quality upon turning off the AirPurifier."
MeetingRoomOne,AirPurifier,action_off,effect_noise_up,"Noise, -1","The environment noise level is already at the lowest (level -1), so turning off the AirPurifier does not increase the noise if it was not a significant source of noise."
MeetingRoomOne,AirPurifier,action_off,effect_noise_up,"HumanState, 1","The presence of humans can contribute to noise. The change to human_undetected might imply the lack of human noise, maintaining the noise level low despite turning off the AirPurifier."
MeetingRoomOne,AirPurifier,action_on,effect_airquality_up,"AirQuality, 1","When the environment air quality is already at the highest level (1), turning on the AirPurifier will not result in effect_airquality_up."
MeetingRoomTwo,AirPurifier,action_on,effect_airquality_up,"AirQuality, 1","When the air quality is already at the highest level (level 1), turning on the AirPurifier will not result in effect_airquality_up."
MeetingRoomOne,AirPurifier,action_on,effect_airquality_up,"AirQuality, 1","When the air quality is already at the highest level (1), turning on the AirPurifier will not result in effect_airquality_up because it can't increase further."
MeetingRoomOne,AirPurifier,action_on,effect_humidity_down,"Humidifier, 1","The Humidifier is turned on, which increases humidity, counteracting the AirPurifier's effect of reducing humidity."
MeetingRoomTwo,AirPurifier,action_on,effect_humidity_down,"Humidity, 1","The humidity is at the highest level (1), and despite the AirPurifier being on, the expected effect of lowering humidity didn't occur. The AC is also on, which should help, but other factors such as high air quality or insufficient dehumidifying capability of the AirPurifier might be preventing the expected decrease in humidity."
MeetingRoomOne,AirPurifier,action_on,effect_humidity_down,"Humidity, 1","The Humidifier is on, which increases humidity. This counteracts the AirPurifier's effect of reducing humidity, preventing the expected effect_humidity_down from occurring."
MeetingRoomOne,AirPurifier,action_on,effect_noise_down,"Noise, -1","When the environment noise is already at the lowest level (-1), turning on the AirPurifier will not result in a noise reduction effect (effect_noise_down)."
MeetingRoomTwo,AirPurifier,action_on,effect_noise_down,"TV, 1","The TV is on, which contributes to the noise level in MeetingRoomTwo, potentially counteracting the noise reduction effect expected from the AirPurifier."
MeetingRoomOne,AirPurifier,action_on,effect_noise_down,"Noise, 0","The noise level is at a medium level (0), so it can decrease further. However, other devices being on, like the Humidifier, Heater, or Light, might counteract the noise reduction effect of the AirPurifier."
MeetingRoomOne,AirPurifier,action_on,effect_noise_down,"HumanState, 1","Human presence in the room can contribute to noise, potentially preventing the AirPurifier from achieving the expected noise reduction effect."
TeaRoom,Curtain,action_off,effect_brightness_down,"Curtain, 0","The curtain in the TeaRoom is already 'off', so turning it off again will not lead to a decrease in brightness."
TeaRoom,Curtain,action_off,effect_brightness_down,"Light, 1","The Light device in the TeaRoom is 'on', contributing to the high brightness level, so turning off the curtain does not decrease the brightness as expected."
TeaRoom,Curtain,action_off,effect_brightness_down,"Brightness, -1","When the environment brightness is already the lowest (level -1), turning off the Curtain will not result in brightness_down effect."
TeaRoom,Curtain,action_off,effect_brightness_down,"Brightness, -1","When the environment brightness is already at the lowest level (level -1), turning off the Curtain will not result in a brightness_down effect."
Lab,Curtain,action_off,effect_brightness_up,"Brightness, -1","Closing the curtain typically results in a decrease in brightness. Since the brightness is already at the lowest level (-1), action_off on the Curtain would not lead to effect_brightness_up."
Lab,Curtain,action_off,effect_brightness_up,"Brightness, -1","The brightness level is already at its lowest (level -1), and with the Curtain off, there is no other source to increase brightness, thus the expected effect_brightness_up cannot be achieved."
Lab,Curtain,action_off,effect_brightness_up,"Brightness, 1","When the brightness is already at the highest level (1), closing the curtain (action_off) will not result in effect_brightness_up."
Lab,Curtain,action_off,effect_humidity_down,"Humidity, 1","The environment humidity is already at the highest level (1), and closing the Curtain does not actively reduce humidity. Additionally, with the Heater on, there is no mechanism to promote a reduction in humidity."
TeaRoom,Curtain,action_off,effect_humidity_up,"Humidity, 1","When the environment humidity is already the highest level (1), turning off the Curtain will not result in humidity_up effect."
Lab,Curtain,action_off,effect_humidity_up,"Humidity, 1","When the environment humidity is already the highest (level 1), turning off the curtain will not result in effect_humidity_up."
Lab,Curtain,action_off,effect_humidity_up,"Humidity, 1","When the environment humidity is already the highest (level 1), turning off the Curtain will not result in humidity_up effect."
Lab,Curtain,action_off,effect_temperature_up,"Temperature, -1","The temperature in the Lab is already at the lowest level (-1), so turning off the Curtain alone, without other heat sources being active, does not result in an increase in temperature."
MeetingRoomOne,Curtain,action_off,effect_ultravioletLevel_down,"Brightness, 1","The Brightness in MeetingRoomOne is at the highest level, indicating significant light presence, which may prevent the ultraviolet level from decreasing when the Curtain is turned off."
MeetingRoomOne,Curtain,action_off,effect_ultravioletLevel_down,"Brightness, 1","The environment brightness is already at the highest level (1), indicating high levels of light entering the room, which can counteract the effect of the curtain in reducing ultraviolet levels."
MeetingRoomOne,Curtain,action_off,effect_ultravioletLevel_down,"Brightness, 1","When the brightness level is already the highest (level 1), turning off the curtain might not result in effect_ultravioletLevel_down because the environment is still exposed to high light levels, including UV."
Lab,Curtain,action_off,effect_ultravioletLevel_up,"Curtain, 0","The Curtain is already in the off state (open), so performing the action_off again does not result in an increase in ultraviolet level because it is already as open as it can be."
Lab,Curtain,action_off,effect_ultravioletLevel_up,"Brightness, 1","The brightness level is already at the highest (level 1), so turning off the curtain again would not increase the ultraviolet level further."
Lab,Curtain,action_off,effect_ultravioletLevel_up,"Curtain, 0","Closing the Curtain usually blocks ultraviolet light, so the expectation of ultraviolet levels increasing when the Curtain is closed is contrary to common sense."
Lab,Curtain,action_off,effect_ultravioletLevel_up,"Light, 0","The Light being off means there is no artificial ultraviolet contribution, but this is usual as typical lights do not emit ultraviolet rays."
MeetingRoomOne,Curtain,action_on,effect_brightness_down,"Brightness, -1","When the environment brightness is already the lowest (level -1), operating the Curtain will not result in brightness_down effect."
Lab,Curtain,action_on,effect_brightness_down,"Brightness, -1","When the environment brightness is already the lowest (level -1), closing the Curtain will not result in brightness_down effect."
Lab,Curtain,action_on,effect_brightness_down,"Brightness, -1","When the environment brightness is already the lowest (level -1), turning on the Curtain will not result in brightness_down effect."
Lab,Curtain,action_on,effect_humidity_up,"Humidity, 1","When the environment humidity is already the highest (level 1), opening the Curtain will not result in humidity_up effect."
Lab,Curtain,action_on,effect_humidity_up,"Humidity, 1","When the environment humidity is already at the highest level (1), it cannot increase further, so the effect_humidity_up cannot be achieved."
Lab,Curtain,action_on,effect_humidity_up,"Humidity, 1","When the environment humidity is already the highest (level 1), operating the Curtain will not result in humidity_up effect."
MeetingRoomOne,Curtain,action_on,effect_temperature_up,"Brightness, -1","When the environment brightness is at the lowest level (-1), there may not be enough sunlight to cause a temperature increase when the Curtain is opened."
Lab,Curtain,action_on,effect_ultravioletLevel_down,"Brightness, 1","When the environment brightness is already the highest (level 1), and the Window is open, turning on the Curtain may not result in a decrease in ultraviolet levels as expected."
Lab,Curtain,action_on,effect_ultravioletLevel_down,"Brightness, 1","The Brightness in the Lab is at the highest level (1), which suggests a strong light source that might be too intense for the Curtain to effectively reduce the UV level. This could be why the expected effect_ultravioletLevel_down did not occur."
MeetingRoomOne,Curtain,action_on,effect_ultravioletLevel_up,"Brightness, 1","When the environment brightness is already at the highest level (1), turning on the Curtain may not result in an increase in ultraviolet level, as it could already be at its maximum."
MeetingRoomOne,Curtain,action_on,effect_ultravioletLevel_up,"Brightness, 1","When the environment brightness is already the highest (level 1), turning on the Curtain may not lead to an increase in ultraviolet level, as it could indicate the ultraviolet level is also at its maximum."
Lab,Heater,action_off,effect_airquality_up,"Window, 1","The open window might be allowing air of similar or lower quality from the outside or the corridor to enter the Lab, preventing an improvement in air quality."
Lab,Heater,action_off,effect_airquality_up,"AirPurifier, 0","The Air Purifier is off, which might have contributed to an improvement in air quality if it were turned on."
Lab,Heater,action_off,effect_humidity_up,"Heater, 0","The Heater being off does not inherently lead to an increase in humidity, and there is no mechanism by which turning it off would increase humidity levels."
Lab,Heater,action_off,effect_humidity_up,"Humidity, 1","The Lab's humidity is already at the highest level (1), which means it cannot increase further, thus preventing the effect_humidity_up from occurring."
Lab,Heater,action_off,effect_humidity_up,"Humidity, 1","The environment humidity in the Lab is already at the highest level (1), so it cannot increase further. Turning off the heater does not contribute to further increasing humidity."
Lab,Heater,action_off,effect_humidity_up,"Heater, 0","Turning off the Heater should not be expected to result in an increase in humidity. Heaters typically reduce humidity when on, and turning them off does not directly increase humidity levels."
MeetingRoomOne,Heater,action_off,effect_temperature_down,"Temperature, 0","The current temperature level is at a medium state (0), which means it can decrease, but other factors like the active AC and lack of immediate cooling effects in the logs may not be sufficient to immediately result in a temperature decrease within the observed time frame."
Lab,Heater,action_off,effect_temperature_up,"Temperature, -1","When the environment temperature is already the lowest (level -1), turning off the Heater will not result in temperature_up effect."
Lab,Heater,action_off,effect_temperature_up,"Temperature, -1","When the environment temperature is already the lowest (level -1), turning off the Heater will not result in a temperature increase (effect_temperature_up)."
Lab,Heater,action_off,effect_temperature_up,"Temperature, -1",Turning off the Heater cannot result in an increase in temperature when the environment temperature is already at the lowest level (-1).
Lab,Heater,action_on,effect_airquality_down,"Window, 1","The open Window allows fresh air to enter, counteracting the expected decrease in air quality from the Heater."
Lab,Heater,action_on,effect_airquality_down,"Humidifier, 1","The Humidifier adds moisture to the air, which could be affecting air quality and counteracting the effects of the Heater."
Lab,Heater,action_on,effect_airquality_down,"AirQuality, 0","When the environment air quality is already the lowest (level 0), turning on the Heater will not result in airquality_down effect."
Lab,Heater,action_on,effect_airquality_down,"Window, 1","The open Window allows for air exchange, which can prevent the expected decrease in air quality when the Heater is on."
MeetingRoomOne,Heater,action_on,effect_humidity_down,"Humidifier, 1","The humidifier in the TeaRoom is on, which may increase humidity in connected spaces, counteracting the humidity decrease expected from turning on the Heater in MeetingRoomOne."
MeetingRoomOne,Heater,action_on,effect_humidity_down,"Humidifier, 1","The Humidifier being on increases humidity, negating the expected humidity decrease from the Heater being on."
MeetingRoomOne,Heater,action_on,effect_temperature_up,"AC, 1","The presence of the AC being on in the same room could prevent the temperature from rising, counteracting the effect of the Heater."
MeetingRoomOne,Heater,action_on,effect_temperature_up,"AC, 1","The air conditioner being on could counteract the heater's attempt to increase the temperature, resulting in no change in temperature."
MeetingRoomTwo,Humidifier,action_off,effect_humidity_down,"Humidity, 1","When the environment humidity is already at the lowest level (level 1), turning off the Humidifier will not result in humidity_down effect."
MeetingRoomTwo,Humidifier,action_on,effect_air_quality_up,"AirQuality, 1","When the air quality is already at the highest level (1), turning on the Humidifier will not result in an air quality increase effect."
MeetingRoomTwo,Humidifier,action_on,effect_air_quality_up,"AirQuality, 1","When the air quality is already at the highest level (1), turning on the Humidifier will not result in an air quality increase effect."
MeetingRoomTwo,Humidifier,action_on,effect_air_quality_up,"AirQuality, 1","When the environment air quality is already at the highest level (1), turning on the humidifier will not result in effect_air_quality_up."
Lab,Humidifier,action_on,effect_airquality_up,"Window, 1","The window being open may allow external air to influence the indoor air quality, which can counteract the humidifier's effect on improving air quality."
Lab,Humidifier,action_on,effect_airquality_up,"AirPurifier, 0","The AirPurifier being off means there is no additional device to aid in improving air quality alongside the Humidifier, which alone might not be sufficient."
Lab,Humidifier,action_on,effect_airquality_up,"Window, 1","The open window in the Lab may allow external air or pollutants to enter, counteracting the humidifier's effect and preventing the expected improvement in air quality."
Lab,Humidifier,action_on,effect_airquality_up,"Window, 1","The open window in the Lab could allow outside air to affect the indoor air quality, preventing the humidifier from improving air quality."
MeetingRoomOne,Humidifier,action_on,effect_humidity_up,"Humidity, 1","When the environment humidity is already at the highest level (level 1), turning on the humidifier will not result in humidity_up effect."
MeetingRoomOne,Humidifier,action_on,effect_humidity_up,"Humidity, 1","When the environment humidity is already at the highest level (level 1), turning on the Humidifier will not result in humidity_up effect."
Lab,Humidifier,action_on,effect_humidity_up,"Humidity, 1","When the environment humidity is already the highest (level 1), turning on the Humidifier will not result in humidity_up effect."
TeaRoom,Light,action_off,effect_airquality_up,"AirQuality, 1","The air quality in the TeaRoom is already at the highest level (1), so it can't increase further, making the expected effect_airquality_up unachievable when the Light is turned off."
TeaRoom,Light,action_off,effect_airquality_up,"AirPurifier, 0","The AirPurifier in the TeaRoom is off, which is critical for improving air quality. Thus, turning off the Light won't lead to air quality improvement."
TeaRoom,Light,action_off,effect_airquality_up,"AirQuality, 1","When the air quality is already at the highest level (level 1), it cannot increase further. Hence, turning off the Light will not result in effect_airquality_up."
TeaRoom,Light,action_off,effect_airquality_up,"AirQuality, 1","The air quality is already at its highest level (1), so turning off the Light cannot result in an improvement in air quality."
TeaRoom,Light,action_off,effect_brightness_down,"Brightness, -1","When the environment brightness is already at the lowest level (-1), turning off the Light will not result in effect_brightness_down."
TeaRoom,Light,action_off,effect_brightness_down,"Brightness, -1","When the environment brightness is already the lowest level (-1), turning off the Light will not result in a further decrease in brightness."
TeaRoom,Light,action_off,effect_brightness_down,"Brightness, -1","When the environment brightness is already at the lowest level (level -1), turning off the Light will not result in the brightness decreasing further."
TeaRoom,Light,action_off,effect_noise_down,"Noise, -1","When the environment noise is already at the lowest level (-1), the noise cannot decrease further, so the effect_noise_down cannot be achieved by turning off the Light."
TeaRoom,Light,action_off,effect_noise_down,"Noise, -1","The noise level in the TeaRoom is already at the lowest (level -1), so turning off the Light cannot result in a further noise decrease."
TeaRoom,Light,action_off,effect_noise_down,"Noise, -1","When the environment noise is already at the lowest level (level -1), turning off the Light will not result in a noise_down effect."
TeaRoom,Light,action_on,effect_air_quality_down,"AirPurifier, 1","The AirPurifier is on, which would maintain or improve air quality, not decrease it."
TeaRoom,Light,action_on,effect_air_quality_down,"Window, 1","The Window being open allows for ventilation, which would maintain or improve air quality, not decrease it."
MeetingRoomTwo,Light,action_on,effect_airquality_down,"AirQuality, 1","The air quality is already at the highest level (1), which means it cannot increase further. Turning on the light does not directly affect air quality, especially not to decrease it. The presence of the AirPurifier, which is designed to improve air quality, further indicates that air quality would not decrease as expected."
TeaRoom,Light,action_on,effect_brightness_up,"Brightness, -1","When the environment brightness is already at the lowest level (-1), turning on the Light should increase it, but it did not, possibly due to a malfunction or incorrect sensor reading."
Lab,Light,action_on,effect_humidity_down,"Humidity, 1","Turning on the Light does not have a direct mechanism to lower humidity levels, and no other devices that could cause humidity to decrease are active."
Lab,Light,action_on,effect_humidity_down,"Light, 1","Turning on the Light does not have a direct effect on decreasing humidity levels, which is why the expected effect was not achieved."
Lab,Light,action_on,effect_humidity_down,"Light, 1","The Light being on does not have a direct effect on humidity levels, thus turning on the Light does not result in humidity_down effect."
Lab,Light,action_on,effect_humidity_down,"AC, 0","The AC is off, and since it could help reduce humidity if turned on, its inactive state does not contribute to the humidity_down effect."
Lab,Light,action_on,effect_temperature_up,"Temperature, -1","When the environment temperature is already at the lowest level (-1), turning on the Light, which usually does not affect temperature significantly, will not result in a temperature_up effect."
MeetingRoomTwo,Light,action_on,effect_temperature_up,"Heater, 0","The Heater is off, which prevents the temperature from increasing. Additionally, the Light itself does not typically cause a temperature increase."
TeaRoom,MicrowaveOven,action_off,effect_airquality_up,"AirQuality, 1","When the air quality is already at the highest level (1), turning off the MicrowaveOven will not result in airquality_up effect."
TeaRoom,MicrowaveOven,action_off,effect_airquality_up,"AirQuality, 1","When the air quality is already at the highest level (1), turning off the MicrowaveOven will not result in airquality_up effect."
TeaRoom,MicrowaveOven,action_off,effect_airquality_up,"AirQuality, 1","The AirQuality in the TeaRoom is already at the highest level (1), so it cannot increase further, which is why the action_off of the MicrowaveOven did not result in effect_airquality_up."
TeaRoom,MicrowaveOven,action_off,effect_humidity_down,"MicrowaveOven, 0","The MicrowaveOven is already off (state 0), so turning it off again will not affect the humidity level."
TeaRoom,MicrowaveOven,action_off,effect_humidity_down,"Humidifier, 1","The Humidifier is on, which can increase or maintain humidity levels, counteracting the expected humidity decrease from turning off the MicrowaveOven."
TeaRoom,MicrowaveOven,action_off,effect_humidity_down,"Humidifier, 1","The Humidifier being on in the TeaRoom can maintain or increase the humidity level, counteracting the expected effect of humidity decrease from turning off the MicrowaveOven."
TeaRoom,MicrowaveOven,action_off,effect_noise_down,"Noise, -1","When the environment noise is already at the lowest level (level -1), turning off devices like the MicrowaveOven will not result in the effect of noise going down."
TeaRoom,MicrowaveOven,action_off,effect_noise_down,"Noise, -1","When the environment noise is already at the lowest level (level -1), turning off devices like the MicrowaveOven will not result in a noise_down effect."
TeaRoom,MicrowaveOven,action_off,effect_noise_down,"Noise, -1","When the environment noise is already the lowest (level -1), turning off the MicrowaveOven will not result in noise_down effect."
TeaRoom,MicrowaveOven,action_on,effect_humidity_up,"Humidity, 1","When the environment humidity is already the highest (level 1), turning on the MicrowaveOven will not result in humidity_up effect."
TeaRoom,MicrowaveOven,action_on,effect_humidity_up,"Humidity, 1","The environment humidity is already at the highest level (1), so it cannot increase further. Therefore, turning on the MicrowaveOven does not result in a humidity increase."
TeaRoom,MicrowaveOven,action_on,effect_humidity_up,"Humidity, 1","When the environment humidity is already at the highest level (1), turning on the MicrowaveOven will not result in the effect_humidity_up."
TeaRoom,MicrowaveOven,action_on,effect_temperature_up,"Window, 1","The open Window could cause heat loss, preventing the temperature from increasing despite the MicrowaveOven being on."
TeaRoom,MicrowaveOven,action_on,effect_temperature_up,"Door, 1","The open Door could cause heat loss, preventing the temperature from increasing despite the MicrowaveOven being on."
TeaRoom,MicrowaveOven,action_on,effect_temperature_up,"Window, 1","The Window being open can allow heat to escape, which could prevent the temperature from increasing despite the MicrowaveOven being on."
Lab,Printer,action_on,effect_air_quality_down,"AirQuality, 0","When the environment air quality is already at the lowest level (0), turning on the Printer will not result in air_quality_down effect."
Lab,Printer,action_on,effect_air_quality_down,"Window, 1","An open window may allow air exchange with the outside, which can counteract the printer's effect on reducing air quality."
Lab,Printer,action_on,effect_air_quality_down,"AirQuality, 0","When the environment air quality is already at the lowest level (0), turning on the Printer will not result in the air quality decreasing further."
Lab,Printer,action_on,effect_humidity_down,"Humidifier, 1","The Humidifier being on maintains or increases humidity levels, preventing the expected humidity decrease effect of the Printer."
Lab,Printer,action_on,effect_humidity_down,"Humidity, 1","The humidity is at the highest level, and while it can decrease, the Humidifier being on counteracts this, preventing the Printer from achieving the expected effect."
Lab,Printer,action_on,effect_humidity_down,"Humidity, 1","The Humidity level in the Lab is already at the highest level (1), and the Humidifier is on, which typically increases humidity. Therefore, turning on the Printer did not result in effect_humidity_down."
Lab,Printer,action_on,effect_humidity_down,"Humidity, 1","The Humidifier is turned on, which counteracts the effect of the Printer in lowering the humidity. The environment humidity level is already at the highest, meaning it can decrease, but the Humidifier prevents this decrease."
Lab,Printer,action_on,effect_noise_up,"Noise, 1","When the environment noise is already at the highest level (level 1), turning on the Printer will not result in noise_up effect."
Lab,Printer,action_on,effect_noise_up,"Noise, 1","The noise level in the Lab is already at the highest level (1), so it can't increase further. Thus, turning on the Printer does not result in effect_noise_up."
Lab,Printer,action_on,effect_noise_up,"Noise, 1","When the environment noise is already at the highest level (level 1), turning on the Printer will not result in effect_noise_up because the noise cannot increase beyond the highest level."
Corridor,Speaker,action_off,effect_noise_down,"Noise, -1","When the noise level is already the lowest (level -1), turning off the Speaker will not result in effect_noise_down."
Corridor,Speaker,action_off,effect_noise_down,"Noise, -1","When the environment noise is already at the lowest level (-1), turning off the speaker will not result in a noise_down effect."
Corridor,Speaker,action_off,effect_noise_down,"Noise, -1","When the environment noise is already at the lowest level (level -1), turning off the Speaker will not result in a noise_down effect."
TeaRoom,WaterDispenser,action_off,effect_humidity_up,"Humidity, 1), (WaterDispenser, 0","The humidity level in the TeaRoom is already at the highest level (1), so it cannot increase further. Additionally, the WaterDispenser is off, and thus cannot contribute to an increase in humidity."
TeaRoom,WaterDispenser,action_off,effect_humidity_up,"Humidity, 1","The humidity in the TeaRoom is already at the highest level (1), so it cannot increase further. Turning off the WaterDispenser would not lead to an increase in humidity, which is not a typical effect of such an action."
TeaRoom,WaterDispenser,action_off,effect_humidity_up,"WaterDispenser, 0), (Humidity, 1","The WaterDispenser is off, so it cannot contribute to an increase in humidity. Additionally, the humidity level in the TeaRoom is already at the highest level (1), meaning it cannot increase further."
TeaRoom,WaterDispenser,action_off,effect_noise_down,"Noise, -1","When the environment noise is already the lowest (level -1), turning off the WaterDispenser will not result in noise_down effect."
TeaRoom,WaterDispenser,action_off,effect_noise_down,"Noise, -1","When the environment noise is already at the lowest level (level -1), turning off the WaterDispenser will not result in effect_noise_down."
TeaRoom,WaterDispenser,action_off,effect_noise_down,"Noise, -1","When the environment noise is already the lowest level (-1), turning off the WaterDispenser will not result in noise_down effect."
TeaRoom,WaterDispenser,action_on,effect_humidity_up,"Humidity, 1","When the environment humidity is already at the highest level (level 1), turning on the WaterDispenser will not result in effect_humidity_up."
TeaRoom,WaterDispenser,action_on,effect_humidity_up,"Humidity, 1","When the environment humidity is already at the highest level (level 1), turning on the WaterDispenser will not result in the effect_humidity_up."
TeaRoom,WaterDispenser,action_on,effect_humidity_up,"Humidity, 1","When the environment humidity is already the highest (level 1), turning on the WaterDispenser will not result in an increase in humidity."
Lab,Window,action_off,effect_airquality_down,"AirQuality, 0","The air quality in the Lab is already at the lowest level (0), so it cannot decrease further, even when the Window is turned off."
Lab,Window,action_off,effect_airquality_down,"AirQuality, 0","When the air quality is already at the lowest level (0), turning off the Window will not result in air quality decrease effect."
TeaRoom,Window,action_off,effect_airquality_up,"AirQuality, 1","When the air quality is already at the highest level (1), turning off the Window will not result in effect_airquality_up."
TeaRoom,Window,action_off,effect_airquality_up,"AirQuality, 1","When the air quality is already the highest (level 1), turning off the Window will not result in effect_airquality_up because it cannot increase further."
TeaRoom,Window,action_off,effect_airquality_up,"AirPurifier, 0","The AirPurifier in the TeaRoom is off, which means there is no active air purification occurring. Turning off the Window alone may not lead to an improvement in air quality without the AirPurifier being on."
TeaRoom,Window,action_off,effect_brightness_down,"Curtain, 1","The Curtain in the TeaRoom is currently on, which can allow light to enter the room, preventing the brightness from decreasing even when the Window is turned off."
TeaRoom,Window,action_off,effect_brightness_down,"Brightness, -1","When the environment brightness is already at the lowest level (-1), it cannot decrease further, thus the action_off on the window will not result in effect_brightness_down."
TeaRoom,Window,action_off,effect_brightness_down,"Brightness, -1","When the environment brightness is already the lowest (level -1), turning off the Window will not result in brightness_down effect."
Lab,Window,action_off,effect_humidity_down,"Humidity, 1","When the environment humidity is already the highest level (1), turning off the Window will not result in humidity_down effect."
TeaRoom,Window,action_off,effect_humidity_down,"Humidifier, 1","The Humidifier is on, which increases humidity in the room. Turning off the Window alone is not sufficient to decrease humidity when the Humidifier is active."
TeaRoom,Window,action_off,effect_humidity_down,"Humidifier, 1","The Humidifier in the TeaRoom is on, which counteracts the expected effect of humidity decrease when the window is closed. The Humidifier maintains or increases the humidity, preventing the decrease."
TeaRoom,Window,action_off,effect_humidity_down,"MeetingRoomOne.Humidity, 1","The high humidity level in the connected MeetingRoomOne could contribute to maintaining high humidity in the TeaRoom, preventing a decrease even when the window is closed."
Lab,Window,action_off,effect_humidity_up,"Humidity, 1","When the environment humidity is already at the highest level (level 1), turning off the Window will not result in effect_humidity_up."
Lab,Window,action_off,effect_humidity_up,"Humidity, 1","When the environment humidity is already at the highest level (1), turning off the Window will not result in humidity_up effect."
Lab,Window,action_off,effect_humidity_up,"Humidifier, 0","The Humidifier in the Lab is off, so it cannot introduce moisture to raise the humidity level, leading to the absence of the expected effect_humidity_up."
TeaRoom,Window,action_off,effect_noise_down,"Noise, -1","When the environment Noise level is already the lowest (level -1), turning off the Window will not result in a noise_down effect."
TeaRoom,Window,action_off,effect_noise_down,"Noise, -1","When the environment noise is already at the lowest level (-1), turning off the window will not result in noise_down effect."
TeaRoom,Window,action_off,effect_noise_down,"Window, 0","The Window in the TeaRoom is already closed (off state), so turning it off again does not further reduce noise."
Lab,Window,action_off,effect_temperature_down,"Temperature, -1","When the environment temperature is already the lowest (level -1), turning off the Window will not result in temperature_down effect."
Lab,Window,action_off,effect_temperature_down,"Temperature, -1","When the environment temperature is already at the lowest level (-1), turning off the Window will not result in a temperature_down effect."
Lab,Window,action_off,effect_temperature_down,"Temperature, -1","When the environment temperature is already at the lowest level (level -1), turning off the Window will not result in a temperature_down effect."
Lab,Window,action_off,effect_temperature_up,"Temperature, -1","When the environment temperature is already the lowest (level -1), there is no room for it to decrease further, and closing the window alone does not actively increase the temperature."
TeaRoom,Window,action_off,effect_temperature_up,"MeetingRoomOne.Temperature, -1), (MeetingRoomOne.AC, 1","The AC in MeetingRoomOne is on, and its temperature is at the lowest level (-1). This could lead to cooler air affecting the TeaRoom, preventing the expected temperature increase when the window is closed."
TeaRoom,Window,action_off,effect_temperature_up,"TeaRoom.Humidifier, 1","The Humidifier in the TeaRoom is on, which might contribute to a stable environment, potentially counteracting the warming effect of closing the window."
Lab,Window,action_off,effect_ultravioletlevel_down,"Curtain, 1","The Curtain in the Lab is already on, likely blocking ultraviolet light. Closing the Window might not further reduce ultraviolet levels if it is already low due to the Curtain."
Lab,Window,action_off,effect_ultravioletlevel_down,"Curtain, 1","When the Curtain is open (state '1'), it allows sunlight to enter, which can maintain or increase ultraviolet levels. Turning off the Window alone may not result in effect_ultravioletlevel_down."
Lab,Window,action_off,effect_ultravioletlevel_down,"Curtain, 1","When the Curtain is already on, blocking sunlight and ultraviolet, turning off the Window does not have an additional effect on reducing the ultraviolet level."
Lab,Window,action_on,effect_air_quality_up,"AirQuality, 0","The air quality is at the lowest level (0), and opening the window should typically lead to an improvement. However, the expected improvement did not occur, possibly due to insufficient ventilation or other factors not detailed in the provided information."
Lab,Window,action_on,effect_airquality_up,"AirQuality, 0","Although the air quality in the lab is not at its lowest and can potentially improve, other factors, potentially including insufficient air exchange or external pollution levels, may prevent air quality from increasing when the window is opened."
Lab,Window,action_on,effect_airquality_up,"AirPurifier, 0","The Air Purifier is off, which might contribute to the lack of improvement in air quality when the window is opened. The window alone may not be sufficient to enhance air quality without additional ventilation or purification."
TeaRoom,Window,action_on,effect_brightness_up,"Brightness, 1","When the environment brightness is already the highest (level 1), opening the Window will not result in brightness_up effect."
TeaRoom,Window,action_on,effect_brightness_up,"Brightness, -1","The brightness level was at the lowest level (-1). Even after opening the window, the expected increase in brightness didn't occur, which could be due to external factors not covered in the provided information."
Lab,Window,action_on,effect_brightness_up,"Brightness, 1","When the environment brightness is already at the highest level (1), turning on the Window will not result in effect_brightness_up."
TeaRoom,Window,action_on,effect_humidity_up,"Humidity, 1","When the environment humidity is already at the highest level (1), opening the window will not result in effect_humidity_up."
TeaRoom,Window,action_on,effect_humidity_up,"Humidity, 1","When the environment humidity is already the highest (level 1), turning on the Window will not result in a humidity_up effect."
Lab,Window,action_on,effect_humidity_up,"Humidity, 1","When the environment humidity is already the highest (level 1), turning on the Window will not result in humidity_up effect."
TeaRoom,Window,action_on,effect_noise_up,"Noise, -1","Even though the Noise level is at its lowest and can increase, the absence of external noise sources or other environmental factors (not captured in the current data) might be why opening the Window did not lead to a noise increase."
TeaRoom,Window,action_on,effect_temperature_down,"HumanState, 1","Human presence can contribute to maintaining or increasing the temperature, counteracting the cooling effect of opening the window. However, without more information about external conditions, it's unclear why the temperature didn't decrease."
